source_name,target_name,value,source,target
javascript,jquery,38114,0,5
css,html,24721,9,7
html,javascript,23226,7,0
html,jquery,16186,7,5
android,java,15896,3,1
mysql,php,15280,11,2
ios,objective-c,13485,8,18
angularjs,javascript,13200,12,0
ios,swift,12398,8,15
css,javascript,11143,9,0
css,jquery,9783,9,5
asp.net,c#,9414,20,4
javascript,php,7912,0,2
ajax,jquery,7469,26,5
.net,c#,7461,30,4
html,php,7173,7,2
ruby,ruby-on-rails,7024,24,17
jquery,php,6429,5,2
sql,sql-server,6376,13,23
ajax,javascript,6268,26,0
javascript,node.js,5930,0,22
java,spring,5893,1,34
django,python,5756,32,6
c#,wpf,5754,4,41
mysql,sql,5693,11,13
ios,xcode,5634,8,38
ios,iphone,4986,8,58
asp.net-mvc,c#,4878,29,4
java,swing,4737,1,70
php,wordpress,4696,2,33
excel,vba,4642,31,43
arrays,php,4324,14,2
python,python-2.7,4303,6,50
laravel,php,4229,52,2
javascript,json,4224,0,21
excel,excel-vba,4209,31,54
css,twitter-bootstrap,4174,9,35
excel-vba,vba,4159,54,43
ajax,php,4079,26,2
eclipse,java,4055,40,1
html5,javascript,4033,39,0
android,android-studio,3837,3,72
css,css3,3670,9,61
html,twitter-bootstrap,3412,7,35
ruby-on-rails,ruby-on-rails-4,3395,17,69
arrays,java,3375,14,1
arrays,javascript,3333,14,0
c#,entity-framework,3229,4,66
hibernate,java,3090,74,1
jquery,twitter-bootstrap,2889,5,35
oracle,sql,2887,49,13
css3,html,2752,61,7
database,mysql,2715,36,11
json,php,2649,21,2
javascript,twitter-bootstrap,2560,0,35
php,symfony2,2551,2,68
swift,xcode,2501,15,38
asp.net,asp.net-mvc,2400,20,29
java,multithreading,2370,1,48
jquery,json,2302,5,21
php,sql,2299,2,13
java,xml,2243,1,28
java,json,2194,1,21
list,python,2152,64,6
forms,php,2146,53,2
c,c++,2136,16,10
html,html5,2123,7,39
objective-c,xcode,2085,18,38
c#,sql-server,2083,4,23
java,string,2070,1,37
iphone,objective-c,2033,58,18
angularjs,html,1984,12,7
android,eclipse,1982,3,40
css,html5,1970,9,39
database,sql,1928,36,13
asp.net,javascript,1915,20,0
.htaccess,apache,1901,71,55
mongodb,node.js,1896,42,22
java,mysql,1883,1,11
bash,linux,1879,47,27
android,xml,1848,3,28
.htaccess,php,1835,71,2
html5,jquery,1818,39,5
android,cordova,1815,3,65
javascript,regex,1814,0,25
apache,php,1804,55,2
angularjs,jquery,1787,12,5
arrays,c,1779,14,16
android,json,1757,3,21
ruby,ruby-on-rails-4,1674,24,69
c#,javascript,1651,4,0
arrays,c++,1608,14,10
database,php,1605,36,2
forms,javascript,1599,53,0
php,regex,1595,2,25
forms,html,1580,53,7
objective-c,swift,1568,18,15
asp.net,jquery,1497,20,5
c#,sql,1485,4,13
java,regex,1477,1,25
c#,xml,1464,4,28
c,linux,1448,16,27
css,php,1422,9,2
postgresql,sql,1393,59,13
python,regex,1393,6,25
css3,html5,1368,61,39
asp.net-mvc,jquery,1290,29,5
c#,json,1281,4,21
ajax,html,1252,26,7
java,javascript,1224,1,0
c#,jquery,1202,4,5
ajax,json,1191,26,21
java,rest,1176,1,67
forms,jquery,1173,53,5
html,mysql,1172,7,11
c#,multithreading,1164,4,48
hibernate,spring,1153,74,34
android,javascript,1149,3,0
android,facebook,1148,3,63
arrays,json,1128,14,21
arrays,python,1124,14,6
javascript,ruby-on-rails,1124,0,17
python,string,1118,6,37
arrays,string,1091,14,37
android,ios,1088,3,8
cordova,javascript,1083,65,0
css,wordpress,1059,9,33
angularjs,json,1051,12,21
asp.net-mvc,javascript,1051,29,0
android-studio,java,1043,72,1
css3,javascript,1013,61,0
android,php,991,3,2
iphone,swift,984,58,15
jquery,wordpress,984,5,33
php,xml,975,2,28
function,javascript,974,73,0
javascript,mysql,969,0,11
javascript,mongodb,964,0,42
algorithm,java,955,60,1
asp.net,vb.net,946,20,44
css3,jquery,940,61,5
html,image,934,7,57
c++,windows,933,10,46
html,wordpress,932,7,33
c++,linux,928,10,27
json,python,925,21,6
javascript,wordpress,919,0,33
asp.net-mvc,entity-framework,913,29,66
c++,multithreading,902,10,48
arrays,c#,891,14,4
.net,asp.net,882,30,20
angularjs,node.js,880,12,22
iphone,xcode,876,58,38
regex,string,875,25,37
c++,string,864,10,37
angularjs,css,860,12,9
arrays,jquery,851,14,5
c#,regex,849,4,25
java,sql,836,1,13
html,java,819,7,1
jquery,mysql,816,5,11
c,string,802,16,37
c#,windows,791,4,46
asp.net,html,784,20,7
facebook,ios,780,63,8
jquery,ruby-on-rails,773,5,17
c#,html,766,4,7
mysql,python,764,11,6
html,python,758,7,6
cordova,ios,751,65,8
database,java,746,36,1
database,sql-server,743,36,23
angularjs,twitter-bootstrap,742,12,35
ios,javascript,727,8,0
css,image,724,9,57
objective-c,osx,713,18,56
linux,python,707,27,6
c#,mysql,704,4,11
postgresql,ruby-on-rails,693,59,17
image,javascript,672,57,0
algorithm,c++,671,60,10
android,multithreading,670,3,48
android,image,668,3,57
c#,excel,667,4,31
asp.net,sql-server,663,20,23
php,string,657,2,37
image,php,649,57,2
c#,string,648,4,37
c#,vb.net,644,4,44
c#,list,642,4,64
.net,vb.net,634,30,44
laravel,mysql,632,52,11
facebook,php,605,63,2
multithreading,python,601,48,6
android,database,600,3,36
function,python,596,73,6
c#,database,595,4,36
json,mysql,588,21,11
json,rest,587,21,67
java,oracle,586,1,49
ios,json,584,8,21
android,mysql,583,3,11
android,c#,573,3,4
image,java,571,57,1
arrays,ruby,564,14,24
function,php,562,73,2
mysql,sql-server,558,11,23
java,list,557,1,64
ajax,mysql,555,26,11
arrays,mysql,550,14,11
java,linux,545,1,27
javascript,python,545,0,6
angularjs,cordova,540,12,65
arrays,swift,538,14,15
.net,wpf,537,30,41
apache,java,535,55,1
c#,c++,532,4,10
python,windows,524,6,46
android,html,519,3,7
c++,java,507,10,1
ajax,c#,503,26,4
facebook,javascript,499,63,0
html5,php,498,39,2
python,xml,492,6,28
ajax,asp.net,491,26,20
ajax,asp.net-mvc,491,26,29
mysql,wordpress,491,11,33
osx,swift,491,56,15
asp.net,entity-framework,486,20,66
javascript,xml,485,0,28
c++,function,480,10,73
hibernate,mysql,480,74,11
java,php,480,1,2
angularjs,php,478,12,2
php,twitter-bootstrap,475,2,35
asp.net,sql,474,20,13
entity-framework,sql-server,474,66,23
java,scala,471,1,62
html,json,469,7,21
java,mongodb,468,1,42
angularjs,html5,467,12,39
json,node.js,462,21,22
database,oracle,460,36,49
linux,php,455,27,2
osx,python,454,56,6
android,arrays,453,3,14
osx,xcode,449,56,38
c++,python,448,10,6
javascript,string,445,0,37
.htaccess,wordpress,438,71,33
rest,spring,432,67,34
.net,asp.net-mvc,427,30,29
asp.net,css,423,20,9
mysql,ruby-on-rails,423,11,17
c#,java,415,4,1
android,c++,410,3,10
c,function,409,16,73
algorithm,arrays,403,60,14
arrays,ios,402,14,8
bash,regex,401,47,25
php,sql-server,400,2,23
java,jquery,397,1,5
json,ruby-on-rails,397,21,17
algorithm,python,396,60,6
image,jquery,395,57,5
java,windows,395,1,46
html,xml,392,7,28
database,postgresql,390,36,59
c,multithreading,389,16,48
php,rest,386,2,67
postgresql,python,386,59,6
forms,symfony2,385,53,68
ajax,ruby-on-rails,384,26,17
arrays,matlab,375,14,45
mongodb,python,375,42,6
angularjs,arrays,373,12,14
java,postgresql,373,1,59
jquery,regex,369,5,25
json,swift,366,21,15
c#,image,356,4,57
r,regex,356,19,25
.net,entity-framework,354,30,66
arrays,html,350,14,7
html,ruby-on-rails,348,7,17
html,regex,346,7,25
ios,osx,346,8,56
html,ios,344,7,8
django,python-2.7,340,32,50
arrays,function,339,14,73
ajax,angularjs,337,26,12
asp.net-mvc,html,337,29,7
css,ruby-on-rails,337,9,17
django,javascript,331,32,0
html5,twitter-bootstrap,330,39,35
mysql,node.js,328,11,22
c++,osx,327,10,56
css3,twitter-bootstrap,327,61,35
javascript,ruby,325,0,24
ajax,wordpress,324,26,33
ajax,forms,323,26,53
angularjs,rest,321,12,67
android,css,318,3,9
mongodb,php,318,42,2
cordova,jquery,317,65,5
excel,java,317,31,1
ajax,java,316,26,1
java,osx,315,1,56
android,string,309,3,37
c#,forms,309,4,53
sql,vb.net,305,13,44
arrays,list,303,14,64
c,windows,302,16,46
javascript,rest,301,0,67
algorithm,c,299,60,16
image,python,299,57,6
forms,mysql,298,53,11
c#,mongodb,297,4,42
c#,rest,297,4,67
regex,ruby,296,25,24
json,xml,294,21,28
bash,python,293,47,6
ruby-on-rails,twitter-bootstrap,292,17,35
css,ios,291,9,8
forms,ruby-on-rails,287,53,17
function,r,287,73,19
django,forms,286,32,53
java,python,284,1,6
function,jquery,283,73,5
json,spring,283,21,34
android,jquery,282,3,5
angularjs,asp.net-mvc,282,12,29
django,html,282,32,7
jquery,node.js,282,5,22
sql-server,xml,278,23,28
c++,eclipse,276,10,40
ios,php,273,8,2
sql-server,vb.net,273,23,44
.htaccess,regex,267,71,25
python,sql,267,6,13
.net,sql-server,266,30,23
json,objective-c,266,21,18
c,python,265,16,6
excel,python,265,31,6
asp.net,json,264,20,21
list,r,263,64,19
django,postgresql,262,32,59
linux,windows,262,27,46
ruby-on-rails,sql,262,17,13
android,rest,261,3,67
asp.net-mvc,json,261,29,21
c#,oracle,259,4,49
c++,xcode,255,10,38
list,string,255,64,37
bash,osx,250,47,56
html,node.js,246,7,22
json,ruby,246,21,24
android,angularjs,245,3,12
android,html5,240,3,39
django,jquery,240,32,5
postgresql,ruby,240,59,24
c#,ios,239,4,8
list,python-2.7,238,64,50
c,java,237,16,1
database,python,237,36,6
image,matlab,237,57,45
java,sql-server,237,1,23
angularjs,forms,236,12,53
.net,multithreading,235,30,48
apache,linux,235,55,27
django,mysql,232,32,11
android-studio,eclipse,230,72,40
jquery,xml,229,5,28
angularjs,c#,228,12,4
image,ios,227,57,8
algorithm,c#,225,60,4
html,sql,223,7,13
javascript,ruby-on-rails-4,223,0,69
angularjs,ruby-on-rails,221,12,17
mysql,ruby,218,11,24
json,mongodb,217,21,42
entity-framework,sql,216,66,13
mysql,vb.net,214,11,44
arrays,mongodb,213,14,42
php,python,213,2,6
database,ruby-on-rails,212,36,17
forms,python,212,53,6
.net,windows,210,30,46
angularjs,java,210,12,1
apache,regex,208,55,25
php,postgresql,208,2,59
database,mongodb,204,36,42
asp.net-mvc,twitter-bootstrap,201,29,35
android,linux,200,3,27
android,python,199,3,6
json,scala,199,21,62
hibernate,postgresql,198,74,59
apache,python,197,55,6
sql,xml,197,13,28
arrays,ruby-on-rails,195,14,17
css,forms,194,9,53
c#,css,193,4,9
ajax,twitter-bootstrap,192,26,35
algorithm,javascript,191,60,0
asp.net,twitter-bootstrap,191,20,35
apache,mysql,190,55,11
jquery,python,190,5,6
r,string,190,19,37
string,swift,189,37,15
ios,multithreading,188,8,48
spring,xml,188,34,28
arrays,objective-c,187,14,18
excel,vb.net,187,31,44
angularjs,mongodb,186,12,42
asp.net-mvc,sql-server,186,29,23
javascript,laravel,186,0,52
android,sql,185,3,13
linux,mysql,185,27,11
ajax,django,184,26,32
arrays,excel,184,14,31
hibernate,sql,184,74,13
jquery,laravel,183,5,52
database,javascript,182,36,0
matlab,python,182,45,6
facebook,java,181,63,1
mysql,spring,181,11,34
arrays,vba,179,14,43
.net,javascript,178,30,0
python,rest,178,6,67
bash,git,177,47,51
php,windows,177,2,46
angularjs,asp.net,176,12,20
mysql,symfony2,175,11,68
sql,vba,175,13,43
asp.net-mvc,css,174,29,9
cordova,html5,174,65,39
osx,php,174,56,2
.net,sql,173,30,13
facebook,objective-c,173,63,18
jquery,ruby-on-rails-4,172,5,69
c++,matlab,171,10,45
ios,jquery,171,8,5
apache,django,169,55,32
asp.net,mysql,169,20,11
function,html,168,73,7
arrays,regex,166,14,25
facebook,swift,165,63,15
c++,ios,164,10,8
linux,multithreading,164,27,48
node.js,rest,164,22,67
c#,php,163,4,2
html,ruby,163,7,24
vb.net,wpf,163,44,41
arrays,node.js,162,14,22
css,java,161,9,1
python,r,161,6,19
apache,wordpress,159,55,33
database,html,159,36,7
django,json,159,32,21
mysql,regex,159,11,25
mysql,postgresql,158,11,59
ajax,node.js,157,26,22
arrays,bash,157,14,47
c++,regex,157,10,25
postgresql,ruby-on-rails-4,157,59,69
.net,regex,156,30,25
ruby,string,155,24,37
ajax,laravel,154,26,52
excel,sql-server,154,31,23
algorithm,string,153,60,37
.net,xml,152,30,28
android,node.js,152,3,22
cordova,html,152,65,7
javascript,vb.net,152,0,44
linux,osx,152,27,56
excel,sql,151,31,13
linux,regex,151,27,25
mysql,oracle,151,11,49
oracle,php,151,49,2
jquery,ruby,150,5,24
ajax,python,149,26,6
arrays,vb.net,149,14,44
python-2.7,regex,149,50,25
eclipse,spring,147,40,34
android,list,146,3,64
.net,json,145,30,21
django,rest,145,32,67
eclipse,git,145,40,51
ajax,css,144,26,9
function,matlab,144,73,45
json,postgresql,144,21,59
node.js,php,144,22,2
javascript,spring,142,0,34
regex,sql,142,25,13
c++,list,140,10,64
angularjs,spring,139,12,34
twitter-bootstrap,wordpress,139,35,33
excel,php,138,31,2
html5,ios,138,39,8
algorithm,php,137,60,2
c,osx,137,16,56
oracle,sql-server,137,49,23
android,git,136,3,51
arrays,sql,135,14,13
mongodb,ruby-on-rails,135,42,17
mysql,xml,134,11,28
regex,xml,133,25,28
.htaccess,html,132,71,7
cordova,node.js,131,65,22
vb.net,xml,131,44,28
ajax,html5,130,26,39
facebook,html,130,63,7
hibernate,oracle,130,74,49
android,windows,129,3,46
android,c,128,3,16
forms,wordpress,128,53,33
asp.net,xml,127,20,28
git,php,127,51,2
multithreading,wpf,127,48,41
bash,php,126,47,2
javascript,sql,126,0,13
arrays,excel-vba,125,14,54
asp.net,database,125,20,36
forms,twitter-bootstrap,125,53,35
mongodb,spring,125,42,34
database,django,124,36,32
function,mysql,124,73,11
html,string,124,7,37
asp.net,excel,123,20,31
c#,facebook,123,4,63
multithreading,swing,123,48,70
c++,image,122,10,57
git,java,122,51,1
android-studio,xml,121,72,28
database,vb.net,121,36,44
git,windows,120,51,46
ajax,arrays,119,26,14
ajax,spring,119,26,34
ios,string,119,8,37
html,list,118,7,64
ajax,xml,117,26,28
angularjs,django,117,12,32
git,linux,117,51,27
javascript,symfony2,117,0,68
jquery,spring,115,5,34
node.js,postgresql,115,22,59
function,java,114,73,1
ios,java,114,8,1
mysql,string,114,11,37
database,hibernate,113,36,74
excel,javascript,113,31,0
laravel,sql,113,52,13
string,vb.net,113,37,44
eclipse,xml,112,40,28
forms,html5,112,53,39
git,ruby-on-rails,112,51,17
angularjs,laravel,111,12,52
arrays,wordpress,111,14,33
arrays,xml,111,14,28
entity-framework,mysql,111,66,11
git,python,111,51,6
jquery,symfony2,111,5,68
json,wordpress,111,21,33
sql,string,111,13,37
c,list,110,16,64
c#,python,108,4,6
css,mysql,108,9,11
c++,javascript,107,10,0
json,string,107,21,37
linux,node.js,107,27,22
function,string,106,73,37
html5,image,106,39,57
image,wordpress,106,57,33
oracle,xml,106,49,28
ajax,cordova,105,26,65
ajax,rest,105,26,67
bash,string,105,47,37
excel,r,105,31,19
python-2.7,string,105,50,37
android,osx,104,3,56
json,laravel,104,21,52
.net,jquery,103,30,5
bash,java,103,47,1
database,laravel,103,36,52
c,objective-c,102,16,18
eclipse,python,102,40,6
asp.net,regex,101,20,25
c++,xml,101,10,28
python-2.7,windows,101,50,46
android,regex,100,3,25
c#,twitter-bootstrap,100,4,35
css,iphone,100,9,58
forms,ruby,100,53,24
json,sql,100,21,13
apache,html,99,55,7
c,c#,99,16,4
cordova,css,99,65,9
database,ruby,99,36,24
html,vb.net,99,7,44
image,swing,99,57,70
multithreading,objective-c,99,48,18
ruby,sql,99,24,13
asp.net,html5,98,20,39
css,python,98,9,6
entity-framework,wpf,98,66,41
excel,html,98,31,7
osx,ruby,98,56,24
regex,vb.net,98,25,44
angularjs,ios,97,12,8
arrays,postgresql,97,14,59
excel,mysql,97,31,11
ajax,ruby-on-rails-4,96,26,69
ajax,symfony2,96,26,68
mongodb,ruby,96,42,24
osx,windows,96,56,46
r,xml,96,19,28
ajax,ruby,95,26,24
android,iphone,95,3,58
css,ruby,95,9,24
database,entity-framework,95,36,66
database,wordpress,95,36,33
function,swift,95,73,15
node.js,windows,95,22,46
git,node.js,94,51,22
html,laravel,94,7,52
node.js,osx,94,22,56
cordova,java,93,65,1
facebook,jquery,93,63,5
forms,laravel,93,53,52
function,sql,93,73,13
html,r,93,7,19
image,mysql,93,57,11
iphone,javascript,93,58,0
javascript,list,93,0,64
algorithm,matlab,92,60,45
function,wordpress,92,73,33
angularjs,css3,91,12,61
eclipse,linux,91,40,27
excel,xml,91,31,28
sql,wordpress,91,13,33
c,eclipse,90,16,40
css,list,90,9,64
forms,java,90,53,1
html5,json,90,39,21
json,regex,90,21,25
.net,c++,89,30,10
json,vb.net,89,21,44
entity-framework,vb.net,88,66,44
function,list,88,73,64
android,apache,87,3,55
c++,mysql,87,10,11
cordova,php,87,65,2
eclipse,osx,87,40,56
ios,regex,87,8,25
java,node.js,87,1,22
javascript,windows,87,0,46
mysql,ruby-on-rails-4,87,11,69
ruby,windows,87,24,46
css,django,86,9,32
git,osx,86,51,56
linux,ruby,86,27,24
forms,ruby-on-rails-4,85,53,69
jquery,string,85,5,37
json,ruby-on-rails-4,85,21,69
apache,laravel,84,55,52
arrays,laravel,84,14,52
cordova,facebook,84,65,63
image,swift,84,57,15
apache,osx,83,55,56
c#,function,83,4,73
c++,objective-c,83,10,18
facebook,wordpress,83,63,33
asp.net,oracle,82,20,49
c++,json,82,10,21
c++,r,82,10,19
database,ios,82,36,8
eclipse,javascript,82,40,0
eclipse,swing,82,40,70
eclipse,windows,82,40,46
node.js,regex,82,22,25
ruby,xml,82,24,28
angularjs,regex,81,12,25
css,node.js,81,9,22
database,node.js,81,36,22
php,swift,81,2,15
postgresql,spring,81,59,34
c,matlab,80,16,45
facebook,iphone,80,63,58
html,iphone,80,7,58
jquery,rest,80,5,67
node.js,python,80,22,6
.net,html,79,30,7
bash,mysql,79,47,11
multithreading,vb.net,79,48,44
python,sql-server,79,6,23
android-studio,git,78,72,51
apache,ruby-on-rails,78,55,17
arrays,xcode,78,14,38
asp.net,image,78,20,57
facebook,ruby-on-rails,78,63,17
java,r,78,1,19
mysql,osx,78,11,56
.net,excel,77,30,31
.net,string,77,30,37
c,ios,77,16,8
database,json,77,36,21
ios,node.js,77,8,22
oracle,regex,77,49,25
arrays,image,76,14,57
c,xcode,76,16,38
json,python-2.7,76,21,50
matlab,string,76,45,37
rest,xml,76,67,28
angularjs,mysql,75,12,11
git,ruby,75,51,24
angularjs,python,74,12,6
c++,node.js,74,10,22
ios,rest,74,8,67
regex,ruby-on-rails,74,25,17
string,xml,74,37,28
arrays,forms,73,14,53
c#,postgresql,73,4,59
arrays,database,72,14,36
bash,ruby,72,47,24
cordova,xcode,72,65,38
image,wpf,72,57,41
python,ruby,72,6,24
vba,xml,72,43,28
windows,wpf,72,46,41
asp.net,rest,71,20,67
bash,c,71,47,16
facebook,python,71,63,6
javascript,objective-c,71,0,18
multithreading,windows,71,48,46
oracle,spring,71,49,34
.htaccess,laravel,70,71,52
cordova,json,70,65,21
django,mongodb,70,32,42
facebook,xcode,70,63,38
git,xcode,70,51,38
html5,mysql,70,39,11
javascript,multithreading,70,0,48
mongodb,mysql,70,42,11
osx,python-2.7,70,56,50
apache,javascript,69,55,0
css,ruby-on-rails-4,69,9,69
css3,image,69,61,57
entity-framework,oracle,69,66,49
mongodb,symfony2,69,42,68
multithreading,spring,69,48,34
objective-c,php,69,18,2
.htaccess,javascript,68,71,0
django,twitter-bootstrap,68,32,35
excel,string,68,31,37
html,vba,68,7,43
jquery,sql,68,5,13
asp.net,php,67,20,2
facebook,json,67,63,21
java,matlab,67,1,45
mysql,windows,67,11,46
arrays,python-2.7,66,14,50
arrays,swing,66,14,70
database,forms,66,36,53
eclipse,php,66,40,2
excel,function,66,31,73
html,ruby-on-rails-4,66,7,69
ios,mysql,66,8,11
jquery,list,66,5,64
vb.net,windows,66,44,46
ajax,android,65,26,3
forms,vb.net,65,53,44
html5,java,65,39,1
jquery,vb.net,65,5,44
sql-server,vba,65,23,43
asp.net-mvc,sql,64,29,13
c#,html5,64,4,39
c#,vba,64,4,43
css3,php,63,61,2
eclipse,mysql,63,40,11
mongodb,regex,63,42,25
mysql,r,63,11,19
asp.net-mvc,vb.net,62,29,44
image,ruby-on-rails,62,57,17
.net,mongodb,61,30,42
django,sql,61,32,13
mysql,swing,61,11,70
mysql,twitter-bootstrap,61,11,35
ruby-on-rails-4,twitter-bootstrap,61,69,35
.net,mysql,60,30,11
android,spring,60,3,34
arrays,r,60,14,19
asp.net-mvc,html5,60,29,39
css,xml,60,9,28
eclipse,scala,60,40,62
javascript,osx,60,0,56
mongodb,rest,60,42,67
ruby,twitter-bootstrap,60,24,35
asp.net,forms,59,20,53
hibernate,xml,59,74,28
image,objective-c,59,57,18
javascript,postgresql,59,0,59
json,xcode,59,21,38
linux,r,59,27,19
list,scala,59,64,62
mongodb,scala,59,42,62
rest,ruby-on-rails,59,67,17
string,vba,59,37,43
vb.net,vba,59,44,43
algorithm,list,58,60,64
apache,windows,58,55,46
eclipse,hibernate,58,40,74
excel-vba,sql,58,54,13
forms,sql,58,53,13
forms,vba,58,53,43
function,postgresql,58,73,59
function,python-2.7,58,73,50
regex,scala,58,25,62
bash,node.js,57,47,22
django,regex,57,32,25
linux,ruby-on-rails,57,27,17
multithreading,swift,57,48,15
objective-c,regex,57,18,25
r,sql,57,19,13
.net,database,56,30,36
cordova,iphone,56,65,58
forms,windows,56,53,46
json,r,56,21,19
multithreading,ruby,56,48,24
.net,arrays,55,30,14
apache,symfony2,55,55,68
c#,linux,55,4,27
cordova,eclipse,55,65,40
.net,rest,54,30,67
android,asp.net,54,3,20
database,xml,54,36,28
hibernate,sql-server,54,74,23
html,spring,54,7,34
image,twitter-bootstrap,54,57,35
angularjs,facebook,53,12,63
c#,git,53,4,51
c++,php,53,10,2
git,javascript,53,51,0
html5,node.js,53,39,22
linux,python-2.7,53,27,50
regex,wordpress,53,25,33
sql-server,string,53,23,37
wpf,xml,53,41,28
.net,oracle,52,30,49
angularjs,symfony2,52,12,68
c,php,52,16,2
c,regex,52,16,25
git,ios,52,51,8
hibernate,json,52,74,21
html,objective-c,52,7,18
html,python-2.7,52,7,50
ios,xml,52,8,28
java,ruby,52,1,24
json,list,52,21,64
json,symfony2,52,21,68
list,php,52,64,2
osx,ruby-on-rails,52,56,17
multithreading,php,51,48,2
html,symfony2,50,7,68
javascript,r,50,0,19
javascript,sql-server,50,0,23
laravel,rest,50,52,67
css3,wordpress,49,61,33
eclipse,json,49,40,21
facebook,node.js,49,63,22
linux,mongodb,49,27,42
matlab,r,49,45,19
regex,swift,49,25,15
sql-server,wpf,49,23,41
.htaccess,angularjs,48,71,12
.net,java,48,30,1
asp.net-mvc,forms,48,29,53
cordova,windows,48,65,46
html5,wordpress,48,39,33
postgresql,regex,48,59,25
rest,symfony2,48,67,68
ruby-on-rails,xml,48,17,28
.net,ajax,47,30,26
angularjs,image,47,12,57
excel,matlab,47,31,45
javascript,linux,47,0,27
multithreading,mysql,47,48,11
algorithm,r,46,60,19
android,sql-server,46,3,23
database,jquery,46,36,5
jquery,mongodb,46,5,42
multithreading,python-2.7,46,48,50
ruby-on-rails,windows,46,17,46
ruby-on-rails-4,sql,46,69,13
angularjs,apache,45,12,55
css,json,45,9,21
function,sql-server,45,73,23
function,vba,45,73,43
html,sql-server,45,7,23
image,vb.net,45,57,44
ajax,sql,44,26,13
arrays,multithreading,44,14,48
asp.net-mvc,database,44,29,36
java,objective-c,44,1,18
angularjs,wordpress,43,12,33
arrays,html5,43,14,39
asp.net,multithreading,43,20,48
c#,matlab,43,4,45
excel,regex,43,31,25
linux,string,43,27,37
oracle,python,43,49,6
php,ruby,43,2,24
arrays,symfony2,42,14,68
c#,osx,42,4,56
database,excel,42,36,31
function,oracle,42,73,49
node.js,twitter-bootstrap,42,22,35
php,xcode,42,2,38
python-2.7,xml,42,50,28
.htaccess,css,41,71,9
algorithm,ruby,41,60,24
apache,spring,41,55,34
arrays,linux,41,14,27
asp.net-mvc,mysql,41,29,11
bash,function,41,47,73
bash,json,41,47,21
bash,windows,41,47,46
c#,excel-vba,41,4,54
html,windows,41,7,46
iphone,json,41,58,21
iphone,php,41,58,2
javascript,swift,41,0,15
list,vb.net,41,64,44
node.js,xml,41,22,28
regex,sql-server,41,25,23
.net,php,40,30,2
asp.net,facebook,40,20,63
asp.net-mvc,regex,40,29,25
database,spring,40,36,34
function,vb.net,40,73,44
mysql,python-2.7,40,11,50
osx,r,40,56,19
postgresql,sql-server,40,59,23
regex,vba,40,25,43
.net,list,39,30,64
algorithm,android,39,60,3
arrays,eclipse,39,14,40
c++,database,39,10,36
django,git,39,32,51
django,image,39,32,57
excel-vba,string,39,54,37
iphone,osx,39,58,56
node.js,ruby-on-rails,39,22,17
node.js,sql,39,22,13
objective-c,string,39,18,37
spring,sql,39,34,13
apache,eclipse,38,55,40
asp.net,string,38,20,37
c,javascript,38,16,0
c,r,38,16,19
css,osx,38,9,56
css3,ios,38,61,8
function,ios,38,73,8
multithreading,node.js,38,48,22
oracle,vb.net,38,49,44
sql,symfony2,38,13,68
algorithm,mysql,37,60,11
bash,c++,37,47,10
c,mysql,37,16,11
c++,html,37,10,7
css,r,37,9,19
excel,oracle,37,31,49
facebook,ruby,37,63,24
html,osx,37,7,56
ios,python,37,8,6
javascript,scala,37,0,62
scala,xml,37,62,28
angularjs,ruby,36,12,24
apache,node.js,36,55,22
apache,ruby,36,55,24
asp.net-mvc,xml,36,29,28
css,regex,36,9,25
django,facebook,36,32,63
forms,spring,36,53,34
html5,ruby-on-rails,36,39,17
image,r,36,57,19
image,ruby,36,57,24
image,xcode,36,57,38
linux,oracle,36,27,49
multithreading,ruby-on-rails,36,48,17
ajax,image,35,26,57
algorithm,sql,35,60,13
android-studio,facebook,35,72,63
android-studio,osx,35,72,56
angularjs,ruby-on-rails-4,35,12,69
arrays,scala,35,14,62
asp.net,windows,35,20,46
bash,xml,35,47,28
css,laravel,35,9,52
database,ruby-on-rails-4,35,36,69
image,node.js,35,57,22
json,sql-server,35,21,23
json,twitter-bootstrap,35,21,35
linux,postgresql,35,27,59
mongodb,ruby-on-rails-4,35,42,69
objective-c,xml,35,18,28
osx,postgresql,35,56,59
ajax,vb.net,34,26,44
android,bash,34,3,47
android,ruby-on-rails,34,3,17
apache,excel,34,55,31
database,vba,34,36,43
django,linux,34,32,27
eclipse,html,34,40,7
excel-vba,sql-server,34,54,23
facebook,image,34,63,57
html5,xml,34,39,28
iphone,jquery,34,58,5
mysql,rest,34,11,67
node.js,ruby,34,22,24
postgresql,scala,34,59,62
sql-server,windows,34,23,46
.htaccess,symfony2,33,71,68
.net,angularjs,33,30,12
.net,forms,33,30,53
ajax,apache,33,26,55
apache,cordova,33,55,65
apache,rest,33,55,67
arrays,asp.net,33,14,20
c#,node.js,33,4,22
c++,sql,33,10,13
database,symfony2,33,36,68
excel,python-2.7,33,31,50
excel,windows,33,31,46
excel-vba,vb.net,33,54,44
forms,function,33,53,73
function,node.js,33,73,22
image,json,33,57,21
ios,ruby-on-rails,33,8,17
java,twitter-bootstrap,33,1,35
multithreading,scala,33,48,62
mysql,vba,33,11,43
rest,ruby,33,67,24
.htaccess,linux,32,71,27
.htaccess,mysql,32,71,11
.net,android,32,30,3
android,wordpress,32,3,33
arrays,ruby-on-rails-4,32,14,69
asp.net,wpf,32,20,41
cordova,database,32,65,36
cordova,objective-c,32,65,18
css,facebook,32,9,63
css,symfony2,32,9,68
excel,jquery,32,31,5
excel-vba,html,32,54,7
facebook,mysql,32,63,11
git,laravel,32,51,52
html,swing,32,7,70
javascript,python-2.7,32,0,50
list,regex,32,64,25
matlab,regex,32,45,25
python,twitter-bootstrap,32,6,35
r,windows,32,19,46
scala,string,32,62,37
.htaccess,jquery,31,71,5
ajax,facebook,31,26,63
algorithm,image,31,60,57
android,django,31,3,32
c++,mongodb,31,10,42
css,function,31,9,73
database,swift,31,36,15
facebook,html5,31,63,39
forms,json,31,53,21
git,wordpress,31,51,33
javascript,vba,31,0,43
mysql,swift,31,11,15
node.js,sql-server,31,22,23
.net,image,30,30,57
ajax,database,30,26,36
android,twitter-bootstrap,30,3,35
angularjs,function,30,12,73
arrays,css,30,14,9
database,function,30,36,73
database,image,30,36,57
database,linux,30,36,27
excel,list,30,31,64
html,linux,30,7,27
php,ruby-on-rails,30,2,17
php,vb.net,30,2,44
sql,wpf,30,13,41
android,forms,29,3,53
bash,html,29,47,7
eclipse,facebook,29,40,63
excel,osx,29,31,56
image,iphone,29,57,58
oracle,postgresql,29,49,59
postgresql,python-2.7,29,59,50
wordpress,xml,29,33,28
android,css3,28,3,61
android-studio,cordova,28,72,65
apache,json,28,55,21
bash,ruby-on-rails,28,47,17
c,swift,28,16,15
entity-framework,json,28,66,21
entity-framework,symfony2,28,66,68
facebook,laravel,28,63,52
hibernate,multithreading,28,74,48
linux,matlab,28,27,45
mongodb,python-2.7,28,42,50
ajax,ios,27,26,8
algorithm,regex,27,60,25
angularjs,eclipse,27,12,40
css,eclipse,27,9,40
css,spring,27,9,34
excel-vba,regex,27,54,25
html5,iphone,27,39,58
image,xml,27,57,28
ios,ruby,27,8,24
mysql,objective-c,27,11,18
oracle,string,27,49,37
ruby-on-rails,string,27,17,37
ajax,function,26,26,73
algorithm,multithreading,26,60,48
android,excel,26,3,31
android,ruby,26,3,24
apache,jquery,26,55,5
arrays,iphone,26,14,58
c++,sql-server,26,10,23
database,objective-c,26,36,18
database,swing,26,36,70
django,node.js,26,32,22
eclipse,node.js,26,40,22
forms,node.js,26,53,22
function,scala,26,73,62
html5,python,26,39,6
html5,regex,26,39,25
ios,twitter-bootstrap,26,8,35
javascript,xcode,26,0,38
laravel,mongodb,26,52,42
laravel,twitter-bootstrap,26,52,35
linux,xml,26,27,28
mysql,scala,26,11,62
postgresql,r,26,59,19
string,swing,26,37,70
asp.net-mvc,facebook,25,29,63
asp.net-mvc,rest,25,29,67
bash,r,25,47,19
c++,python-2.7,25,10,50
cordova,xml,25,65,28
eclipse,image,25,40,57
excel,json,25,31,21
image,python-2.7,25,57,50
ios,windows,25,8,46
list,mysql,25,64,11
matlab,windows,25,45,46
mysql,xcode,25,11,38
regex,windows,25,25,46
asp.net,css3,24,20,61
asp.net,java,24,20,1
c,image,24,16,57
c,xml,24,16,28
c++,excel,24,10,31
database,multithreading,24,36,48
eclipse,regex,24,40,25
eclipse,rest,24,40,67
excel-vba,function,24,54,73
excel-vba,xml,24,54,28
html,rest,24,7,67
html,swift,24,7,15
java,swift,24,1,15
python,vba,24,6,43
scala,sql,24,62,13
sql,windows,24,13,46
string,xcode,24,37,38
.net,css,23,30,9
algorithm,ios,23,60,8
algorithm,python-2.7,23,60,50
android,mongodb,23,3,42
angularjs,database,23,12,36
c++,wpf,23,10,41
database,list,23,36,64
django,multithreading,23,32,48
entity-framework,java,23,66,1
forms,image,23,53,57
list,xml,23,64,28
oracle,windows,23,49,46
rest,scala,23,67,62
apache,scala,22,55,62
asp.net-mvc,image,22,29,57
asp.net-mvc,oracle,22,29,49
entity-framework,php,22,66,2
html,mongodb,22,7,42
java,ruby-on-rails,22,1,17
java,vb.net,22,1,44
jquery,postgresql,22,5,59
mongodb,postgresql,22,42,59
multithreading,osx,22,48,56
postgresql,windows,22,59,46
r,sql-server,22,19,23
symfony2,twitter-bootstrap,22,68,35
.htaccess,ajax,21,71,26
angularjs,xml,21,12,28
apache,css,21,55,9
asp.net-mvc,excel,21,29,31
bash,javascript,21,47,0
c,database,21,16,36
c,json,21,16,21
c++,swift,21,10,15
c++,vb.net,21,10,44
database,windows,21,36,46
eclipse,sql,21,40,13
excel-vba,python,21,54,6
image,laravel,21,57,52
ios,wordpress,21,8,33
laravel,postgresql,21,52,59
linux,wordpress,21,27,33
osx,vba,21,56,43
.htaccess,image,20,71,57
.htaccess,rest,20,71,67
algorithm,database,20,60,36
algorithm,function,20,60,73
android,scala,20,3,62
android-studio,json,20,72,21
android-studio,windows,20,72,46
apache,postgresql,20,55,59
c,ruby,20,16,24
c#,iphone,20,4,58
c#,objective-c,20,4,18
c++,git,20,10,51
c++,rest,20,10,67
cordova,mysql,20,65,11
cordova,osx,20,65,56
database,string,20,36,37
django,osx,20,32,56
django,xml,20,32,28
eclipse,multithreading,20,40,48
excel,wpf,20,31,41
function,json,20,73,21
javascript,oracle,20,0,49
json,oracle,20,21,49
laravel,osx,20,52,56
linux,sql,20,27,13
list,sql,20,64,13
node.js,string,20,22,37
osx,regex,20,56,25
osx,swing,20,56,70
ruby-on-rails,sql-server,20,17,23
swift,xml,20,15,28
.net,ios,19,30,8
.net,python,19,30,6
algorithm,objective-c,19,60,18
android,function,19,3,73
android,objective-c,19,3,18
apache,c,19,55,16
asp.net,ios,19,20,8
asp.net,list,19,20,64
bash,python-2.7,19,47,50
bash,sql,19,47,13
css,windows,19,9,46
database,rest,19,36,67
eclipse,oracle,19,40,49
eclipse,string,19,40,37
excel,image,19,31,57
excel,ruby,19,31,24
excel-vba,javascript,19,54,0
excel-vba,mysql,19,54,11
facebook,spring,19,63,34
forms,regex,19,53,25
function,linux,19,73,27
git,symfony2,19,51,68
html5,sql,19,39,13
jquery,sql-server,19,5,23
mongodb,sql,19,42,13
objective-c,python,19,18,6
oracle,ruby,19,49,24
ruby,sql-server,19,24,23
string,windows,19,37,46
vba,windows,19,43,46
.net,linux,18,30,27
android,python-2.7,18,3,50
angularjs,git,18,12,51
apache,bash,18,55,47
bash,mongodb,18,47,42
bash,postgresql,18,47,59
c++,oracle,18,10,49
c++,ruby,18,10,24
cordova,rest,18,65,67
facebook,rest,18,63,67
function,xcode,18,73,38
git,mysql,18,51,11
hibernate,rest,18,74,67
ios,sql,18,8,13
list,wpf,18,64,41
mongodb,osx,18,42,56
node.js,wordpress,18,22,33
postgresql,symfony2,18,59,68
python,scala,18,6,62
regex,ruby-on-rails-4,18,25,69
rest,wordpress,18,67,33
apache,xml,17,55,28
arrays,rest,17,14,67
c,oracle,17,16,49
c,python-2.7,17,16,50
c#,cordova,17,4,65
css,database,17,9,36
css3,forms,17,61,53
entity-framework,multithreading,17,66,48
forms,oracle,17,53,49
image,windows,17,57,46
laravel,linux,17,52,27
linux,sql-server,17,27,23
php,r,17,2,19
postgresql,string,17,59,37
.net,c,16,30,16
.net,vba,16,30,43
algorithm,html,16,60,7
android,matlab,16,3,45
android,xcode,16,3,38
apache,c++,16,55,10
apache,git,16,55,51
c,node.js,16,16,22
database,r,16,36,19
database,wpf,16,36,41
django,html5,16,32,39
entity-framework,jquery,16,66,5
entity-framework,postgresql,16,66,59
facebook,xml,16,63,28
forms,ios,16,53,8
function,regex,16,73,25
html,postgresql,16,7,59
html,xcode,16,7,38
image,string,16,57,37
list,vba,16,64,43
mongodb,r,16,42,19
multithreading,sql,16,48,13
multithreading,sql-server,16,48,23
multithreading,xcode,16,48,38
node.js,oracle,16,22,49
oracle,r,16,49,19
oracle,ruby-on-rails,16,49,17
ruby-on-rails,wordpress,16,17,33
sql,swing,16,13,70
.htaccess,html5,15,71,39
ajax,sql-server,15,26,23
android,vb.net,15,3,44
apache,python-2.7,15,55,50
c#,r,15,4,19
cordova,image,15,65,57
database,eclipse,15,36,40
database,scala,15,36,62
django,php,15,32,2
django,windows,15,32,46
entity-framework,javascript,15,66,0
excel,ruby-on-rails,15,31,17
function,html5,15,73,39
git,regex,15,51,25
git,ruby-on-rails-4,15,51,69
html,scala,15,7,62
json,wpf,15,21,41
laravel,sql-server,15,52,23
laravel,symfony2,15,52,68
list,multithreading,15,64,48
list,wordpress,15,64,33
matlab,osx,15,45,56
objective-c,rest,15,18,67
python,ruby-on-rails,15,6,17
regex,spring,15,25,34
rest,swift,15,67,15
scala,spring,15,62,34
spring,sql-server,15,34,23
string,wordpress,15,37,33
.htaccess,forms,14,71,53
ajax,mongodb,14,26,42
algorithm,sql-server,14,60,23
algorithm,vb.net,14,60,44
android,laravel,14,3,52
apache,database,14,55,36
apache,sql,14,55,13
arrays,sql-server,14,14,23
asp.net,function,14,20,73
asp.net-mvc,list,14,29,64
bash,ios,14,47,8
c,html,14,16,7
c#,ruby,14,4,24
cordova,twitter-bootstrap,14,65,35
eclipse,ios,14,40,8
function,image,14,73,57
hibernate,jquery,14,74,5
json,osx,14,21,56
laravel,regex,14,52,25
oracle,vba,14,49,43
python,swift,14,6,15
python,xcode,14,6,38
windows,xml,14,46,28
.net,algorithm,13,30,60
.net,postgresql,13,30,59
ajax,postgresql,13,26,59
algorithm,jquery,13,60,5
algorithm,json,13,60,21
android,asp.net-mvc,13,3,29
android-studio,image,13,72,57
angularjs,scala,13,12,62
arrays,asp.net-mvc,13,14,29
asp.net,python,13,20,6
asp.net-mvc,css3,13,29,61
asp.net-mvc,multithreading,13,29,48
c++,postgresql,13,10,59
css,excel,13,9,31
database,html5,13,36,39
excel,linux,13,31,27
excel-vba,oracle,13,54,49
excel-vba,osx,13,54,56
forms,xml,13,53,28
git,json,13,51,21
hibernate,javascript,13,74,0
hibernate,mongodb,13,74,42
image,osx,13,57,56
image,rest,13,57,67
image,sql,13,57,13
image,vba,13,57,43
ios,linux,13,8,27
json,linux,13,21,27
multithreading,oracle,13,48,49
node.js,swift,13,22,15
python-2.7,sql,13,50,13
regex,symfony2,13,25,68
regex,wpf,13,25,41
swing,windows,13,70,46
symfony2,xml,13,68,28
.htaccess,asp.net,12,71,20
.net,function,12,30,73
algorithm,scala,12,60,62
algorithm,swift,12,60,15
android,swift,12,3,15
android-studio,database,12,72,36
android-studio,linux,12,72,27
angularjs,entity-framework,12,12,66
apache,ios,12,55,8
apache,mongodb,12,55,42
arrays,wpf,12,14,41
asp.net-mvc,wpf,12,29,41
c,postgresql,12,16,59
c++,css,12,10,9
c++,iphone,12,10,58
c++,vba,12,10,43
cordova,git,12,65,51
cordova,swift,12,65,15
css,sql,12,9,13
css,vb.net,12,9,44
css3,iphone,12,61,58
database,regex,12,36,25
django,ios,12,32,8
django,list,12,32,64
eclipse,jquery,12,40,5
eclipse,xcode,12,40,38
entity-framework,hibernate,12,66,74
excel,forms,12,31,53
facebook,symfony2,12,63,68
forms,list,12,53,64
forms,scala,12,53,62
hibernate,swing,12,74,70
html5,ruby,12,39,24
image,list,12,57,64
image,ruby-on-rails-4,12,57,69
image,sql-server,12,57,23
java,vba,12,1,43
matlab,python-2.7,12,45,50
mongodb,sql-server,12,42,23
python,wordpress,12,6,33
scala,swing,12,62,70
spring,twitter-bootstrap,12,34,35
sql-server,symfony2,12,23,68
.net,facebook,11,30,63
.net,git,11,30,51
.net,osx,11,30,56
ajax,css3,11,26,61
algorithm,excel,11,60,31
algorithm,ruby-on-rails,11,60,17
angularjs,excel,11,12,31
angularjs,string,11,12,37
apache,c#,11,55,4
apache,image,11,55,57
apache,ruby-on-rails-4,11,55,69
arrays,windows,11,14,46
asp.net,node.js,11,20,22
bash,list,11,47,64
c,sql,11,16,13
database,excel-vba,11,36,54
database,matlab,11,36,45
django,eclipse,11,32,40
eclipse,python-2.7,11,40,50
entity-framework,xml,11,66,28
excel,node.js,11,31,22
forms,mongodb,11,53,42
git,postgresql,11,51,59
html,wpf,11,7,41
html5,ruby-on-rails-4,11,39,69
html5,spring,11,39,34
ios,mongodb,11,8,42
ios,sql-server,11,8,23
iphone,multithreading,11,58,48
iphone,twitter-bootstrap,11,58,35
javascript,wpf,11,0,41
jquery,osx,11,5,56
jquery,r,11,5,19
matlab,sql,11,45,13
mongodb,windows,11,42,46
multithreading,rest,11,48,67
mysql,wpf,11,11,41
.net,matlab,10,30,45
ajax,excel,10,26,31
algorithm,linux,10,60,27
algorithm,xml,10,60,28
angularjs,list,10,12,64
angularjs,sql,10,12,13
angularjs,sql-server,10,12,23
apache,oracle,10,55,49
asp.net,mongodb,10,20,42
asp.net,wordpress,10,20,33
asp.net-mvc,ios,10,29,8
bash,wordpress,10,47,33
c#,hibernate,10,4,74
c#,wordpress,10,4,33
cordova,wordpress,10,65,33
css,git,10,9,51
css3,ruby-on-rails,10,61,17
database,iphone,10,36,58
database,osx,10,36,56
database,xcode,10,36,38
django,string,10,32,37
eclipse,list,10,40,64
excel-vba,list,10,54,64
function,objective-c,10,73,18
function,windows,10,73,46
git,html,10,51,7
html,oracle,10,7,49
image,linux,10,57,27
image,regex,10,57,25
jquery,oracle,10,5,49
jquery,scala,10,5,62
json,multithreading,10,21,48
laravel,node.js,10,52,22
matlab,php,10,45,2
mongodb,multithreading,10,42,48
multithreading,ruby-on-rails-4,10,48,69
multithreading,xml,10,48,28
postgresql,xml,10,59,28
rest,ruby-on-rails-4,10,67,69
rest,sql,10,67,13
rest,vb.net,10,67,44
ruby,wordpress,10,24,33
.htaccess,android,9,71,3
ajax,regex,9,26,25
android,postgresql,9,3,59
android-studio,arrays,9,72,14
android-studio,mysql,9,72,11
android-studio,php,9,72,2
android-studio,string,9,72,37
angularjs,hibernate,9,12,74
angularjs,windows,9,12,46
apache,html5,9,55,39
arrays,django,9,14,32
arrays,twitter-bootstrap,9,14,35
asp.net,cordova,9,20,65
asp.net,git,9,20,51
asp.net,linux,9,20,27
asp.net-mvc,php,9,29,2
bash,eclipse,9,47,40
bash,image,9,47,57
bash,multithreading,9,47,48
c++,forms,9,10,53
cordova,css3,9,65,61
cordova,ruby-on-rails,9,65,17
database,git,9,36,51
django,sql-server,9,32,23
excel-vba,forms,9,54,53
forms,postgresql,9,53,59
hibernate,list,9,74,64
image,symfony2,9,57,68
jquery,python-2.7,9,5,50
laravel,windows,9,52,46
list,sql-server,9,64,23
osx,wordpress,9,56,33
python,wpf,9,6,41
ruby,xcode,9,24,38
ruby-on-rails,xcode,9,17,38
xcode,xml,9,38,28
.net,html5,8,30,39
.net,node.js,8,30,22
.net,twitter-bootstrap,8,30,35
ajax,multithreading,8,26,48
ajax,oracle,8,26,49
ajax,python-2.7,8,26,50
algorithm,mongodb,8,60,42
android,oracle,8,3,49
android-studio,c++,8,72,10
angularjs,iphone,8,12,58
angularjs,linux,8,12,27
angularjs,vb.net,8,12,44
apache,forms,8,55,53
arrays,cordova,8,14,65
asp.net-mvc,git,8,29,51
asp.net-mvc,mongodb,8,29,42
asp.net-mvc,string,8,29,37
bash,oracle,8,47,49
bash,scala,8,47,62
c,iphone,8,16,58
c#,eclipse,8,4,40
c++,html5,8,10,39
cordova,mongodb,8,65,42
css,linux,8,9,27
css,objective-c,8,9,18
css,swing,8,9,70
database,python-2.7,8,36,50
eclipse,excel,8,40,31
eclipse,sql-server,8,40,23
entity-framework,ios,8,66,8
excel,ios,8,31,8
excel,multithreading,8,31,48
excel-vba,image,8,54,57
forms,string,8,53,37
function,multithreading,8,73,48
function,ruby,8,73,24
git,r,8,51,19
image,mongodb,8,57,42
jquery,vba,8,5,43
jquery,windows,8,5,46
mongodb,xml,8,42,28
multithreading,string,8,48,37
oracle,osx,8,49,56
oracle,swing,8,49,70
osx,sql-server,8,56,23
osx,xml,8,56,28
python,vb.net,8,6,44
regex,rest,8,25,67
ruby-on-rails-4,windows,8,69,46
ruby-on-rails-4,xml,8,69,28
scala,windows,8,62,46
symfony2,wordpress,8,68,33
.htaccess,python,7,71,6
ajax,entity-framework,7,26,66
ajax,hibernate,7,26,74
android,swing,7,3,70
android-studio,apache,7,72,55
android-studio,sql,7,72,13
angularjs,osx,7,12,56
apache,asp.net,7,55,20
apache,sql-server,7,55,23
arrays,oracle,7,14,49
asp.net,osx,7,20,56
asp.net-mvc,node.js,7,29,22
bash,c#,7,47,4
bash,matlab,7,47,45
bash,xcode,7,47,38
c#,xcode,7,4,38
css,string,7,9,37
django,excel,7,32,31
eclipse,postgresql,7,40,59
entity-framework,excel,7,66,31
entity-framework,list,7,66,64
excel,laravel,7,31,52
excel,spring,7,31,34
excel-vba,java,7,54,1
excel-vba,windows,7,54,46
forms,python-2.7,7,53,50
forms,wpf,7,53,41
function,laravel,7,73,52
git,objective-c,7,51,18
git,xml,7,51,28
html5,objective-c,7,39,18
html5,vb.net,7,39,44
iphone,java,7,58,1
iphone,mysql,7,58,11
iphone,node.js,7,58,22
iphone,wordpress,7,58,33
java,laravel,7,1,52
java,python-2.7,7,1,50
java,xcode,7,1,38
json,windows,7,21,46
laravel,wordpress,7,52,33
laravel,xml,7,52,28
linux,list,7,27,64
mongodb,vb.net,7,42,44
multithreading,r,7,48,19
oracle,rest,7,49,67
php,python-2.7,7,2,50
string,wpf,7,37,41
swing,xml,7,70,28
symfony2,windows,7,68,46
.htaccess,django,6,71,32
.htaccess,facebook,6,71,63
.htaccess,ios,6,71,8
.net,excel-vba,6,30,54
ajax,string,6,26,37
algorithm,node.js,6,60,22
algorithm,postgresql,6,60,59
android,symfony2,6,3,68
arrays,facebook,6,14,63
arrays,osx,6,14,56
asp.net,c++,6,20,10
asp.net,iphone,6,20,58
asp.net,vba,6,20,43
asp.net-mvc,java,6,29,1
asp.net-mvc,postgresql,6,29,59
bash,laravel,6,47,52
c,sql-server,6,16,23
c,vb.net,6,16,44
c#,spring,6,4,34
c++,ruby-on-rails,6,10,17
django,objective-c,6,32,18
django,ruby-on-rails,6,32,17
django,swift,6,32,15
django,wordpress,6,32,33
eclipse,r,6,40,19
eclipse,ruby,6,40,24
entity-framework,rest,6,66,67
excel,html5,6,31,39
excel,ruby-on-rails-4,6,31,69
git,sql,6,51,13
git,swift,6,51,15
html5,laravel,6,39,52
html5,list,6,39,64
html5,rest,6,39,67
html5,sql-server,6,39,23
image,multithreading,6,57,48
java,wordpress,6,1,33
javascript,swing,6,0,70
json,vba,6,21,43
linux,ruby-on-rails-4,6,27,69
linux,spring,6,27,34
linux,swing,6,27,70
linux,symfony2,6,27,68
list,ruby,6,64,24
list,spring,6,64,34
list,swing,6,64,70
list,windows,6,64,46
matlab,multithreading,6,45,48
matlab,mysql,6,45,11
matlab,xml,6,45,28
multithreading,postgresql,6,48,59
objective-c,ruby,6,18,24
objective-c,sql,6,18,13
oracle,python-2.7,6,49,50
osx,scala,6,56,62
osx,string,6,56,37
php,vba,6,2,43
postgresql,vb.net,6,59,44
regex,swing,6,25,70
regex,xcode,6,25,38
windows,wordpress,6,46,33
.htaccess,database,5,71,36
.htaccess,node.js,5,71,22
.htaccess,twitter-bootstrap,5,71,35
ajax,linux,5,26,27
ajax,scala,5,26,62
algorithm,swing,5,60,70
algorithm,vba,5,60,43
android,hibernate,5,3,74
android,wpf,5,3,41
apache,multithreading,5,55,48
apache,string,5,55,37
arrays,entity-framework,5,14,66
asp.net-mvc,linux,5,29,27
bash,cordova,5,47,65
bash,django,5,47,32
bash,objective-c,5,47,18
c,mongodb,5,16,42
c,ruby-on-rails,5,16,17
c,vba,5,16,43
c#,css3,5,4,61
c#,python-2.7,5,4,50
c#,swift,5,4,15
c++,excel-vba,5,10,54
cordova,laravel,5,65,52
css,vba,5,9,43
css3,list,5,61,64
css3,ruby-on-rails-4,5,61,69
database,facebook,5,36,63
eclipse,html5,5,40,39
eclipse,symfony2,5,40,68
eclipse,twitter-bootstrap,5,40,35
entity-framework,forms,5,66,53
excel-vba,json,5,54,21
facebook,r,5,63,19
facebook,regex,5,63,25
facebook,scala,5,63,62
facebook,windows,5,63,46
forms,hibernate,5,53,74
function,xml,5,73,28
git,jquery,5,51,5
git,mongodb,5,51,42
git,python-2.7,5,51,50
html5,xcode,5,39,38
iphone,ruby-on-rails,5,58,17
linux,rest,5,27,67
linux,scala,5,27,62
linux,xcode,5,27,38
list,ruby-on-rails,5,64,17
matlab,postgresql,5,45,59
mongodb,objective-c,5,42,18
mongodb,string,5,42,37
node.js,objective-c,5,22,18
node.js,python-2.7,5,22,50
node.js,symfony2,5,22,68
node.js,xcode,5,22,38
objective-c,sql-server,5,18,23
postgresql,rest,5,59,67
r,scala,5,19,62
r,twitter-bootstrap,5,19,35
r,vba,5,19,43
sql,swift,5,13,15
twitter-bootstrap,vb.net,5,35,44
windows,xcode,5,46,38
.htaccess,cordova,4,71,65
.htaccess,java,4,71,1
.htaccess,osx,4,71,56
.htaccess,ruby-on-rails,4,71,17
.htaccess,xml,4,71,28
.net,cordova,4,30,65
ajax,list,4,26,64
algorithm,css,4,60,9
algorithm,html5,4,60,39
algorithm,oracle,4,60,49
android,ruby-on-rails-4,4,3,69
android-studio,html,4,72,7
android-studio,javascript,4,72,0
android-studio,scala,4,72,62
android-studio,xcode,4,72,38
angularjs,multithreading,4,12,48
angularjs,postgresql,4,12,59
apache,r,4,55,19
asp.net-mvc,windows,4,29,46
bash,database,4,47,36
bash,excel,4,47,31
c#,ruby-on-rails,4,4,17
c#,swing,4,4,70
c++,spring,4,10,34
c++,swing,4,10,70
cordova,forms,4,65,53
cordova,ruby,4,65,24
cordova,sql,4,65,13
cordova,vb.net,4,65,44
css,scala,4,9,62
css,sql-server,4,9,23
css,xcode,4,9,38
css3,osx,4,61,56
django,function,4,32,73
django,java,4,32,1
django,oracle,4,32,49
eclipse,mongodb,4,40,42
entity-framework,mongodb,4,66,42
excel,postgresql,4,31,59
excel,swift,4,31,15
excel,swing,4,31,70
excel,wordpress,4,31,33
excel-vba,rest,4,54,67
facebook,linux,4,63,27
facebook,osx,4,63,56
facebook,ruby-on-rails-4,4,63,69
facebook,vb.net,4,63,44
facebook,wpf,4,63,41
forms,iphone,4,53,58
forms,rest,4,53,67
function,ruby-on-rails,4,73,17
git,iphone,4,51,58
git,twitter-bootstrap,4,51,35
hibernate,html,4,74,7
hibernate,string,4,74,37
html,matlab,4,7,45
html5,linux,4,39,27
html5,mongodb,4,39,42
html5,osx,4,39,56
html5,r,4,39,19
html5,string,4,39,37
image,spring,4,57,34
ios,laravel,4,8,52
iphone,python,4,58,6
iphone,string,4,58,37
iphone,windows,4,58,46
jquery,linux,4,5,27
jquery,multithreading,4,5,48
json,matlab,4,21,45
linux,objective-c,4,27,18
list,rest,4,64,67
list,twitter-bootstrap,4,64,35
matlab,rest,4,45,67
matlab,vba,4,45,43
mongodb,oracle,4,42,49
node.js,ruby-on-rails-4,4,22,69
oracle,wpf,4,49,41
osx,ruby-on-rails-4,4,56,69
osx,symfony2,4,56,68
postgresql,wordpress,4,59,33
python-2.7,sql-server,4,50,23
r,ruby,4,19,24
rest,sql-server,4,67,23
ruby,scala,4,24,62
ruby-on-rails,spring,4,17,34
ruby-on-rails,swift,4,17,15
ruby-on-rails-4,sql-server,4,69,23
spring,swing,4,34,70
sql,twitter-bootstrap,4,13,35
sql-server,wordpress,4,23,33
.htaccess,asp.net-mvc,3,71,29
.htaccess,c#,3,71,4
.htaccess,git,3,71,51
.htaccess,json,3,71,21
.net,apache,3,30,55
.net,spring,3,30,34
ajax,eclipse,3,26,40
ajax,iphone,3,26,58
algorithm,asp.net,3,60,20
algorithm,bash,3,60,47
algorithm,entity-framework,3,60,66
algorithm,excel-vba,3,60,54
algorithm,iphone,3,60,58
algorithm,rest,3,60,67
android,entity-framework,3,3,66
android,r,3,3,19
android-studio,bash,3,72,47
android-studio,c,3,72,16
android-studio,multithreading,3,72,48
android-studio,rest,3,72,67
android-studio,spring,3,72,34
angularjs,python-2.7,3,12,50
angularjs,wpf,3,12,41
apache,arrays,3,55,14
apache,asp.net-mvc,3,55,29
apache,swing,3,55,70
apache,twitter-bootstrap,3,55,35
arrays,spring,3,14,34
asp.net,c,3,20,16
asp.net,excel-vba,3,20,54
asp.net,matlab,3,20,45
asp.net,objective-c,3,20,18
asp.net,postgresql,3,20,59
asp.net,r,3,20,19
asp.net,ruby,3,20,24
bash,ruby-on-rails-4,3,47,69
bash,symfony2,3,47,68
c,excel-vba,3,16,54
c,forms,3,16,53
c,git,3,16,51
c++,facebook,3,10,63
c++,jquery,3,10,5
cordova,django,3,65,32
cordova,linux,3,65,27
cordova,list,3,65,64
cordova,multithreading,3,65,48
cordova,ruby-on-rails-4,3,65,69
css,python-2.7,3,9,50
css,wpf,3,9,41
css3,java,3,61,1
css3,mysql,3,61,11
css3,node.js,3,61,22
database,twitter-bootstrap,3,36,35
django,iphone,3,32,58
eclipse,matlab,3,40,45
eclipse,ruby-on-rails,3,40,17
entity-framework,regex,3,66,25
entity-framework,spring,3,66,34
entity-framework,string,3,66,37
excel,mongodb,3,31,42
excel,rest,3,31,67
excel,symfony2,3,31,68
excel-vba,matlab,3,54,45
excel-vba,php,3,54,2
excel-vba,r,3,54,19
facebook,forms,3,63,53
facebook,sql,3,63,13
facebook,twitter-bootstrap,3,63,35
forms,linux,3,53,27
forms,objective-c,3,53,18
forms,r,3,53,19
function,hibernate,3,73,74
function,swing,3,73,70
git,matlab,3,51,45
git,rest,3,51,67
git,scala,3,51,62
hibernate,linux,3,74,27
hibernate,regex,3,74,25
hibernate,scala,3,74,62
html,multithreading,3,7,48
html5,postgresql,3,39,59
html5,python-2.7,3,39,50
html5,scala,3,39,62
html5,vba,3,39,43
html5,wpf,3,39,41
image,postgresql,3,57,59
ios,swing,3,8,70
ios,wpf,3,8,41
iphone,rest,3,58,67
iphone,xml,3,58,28
java,symfony2,3,1,68
javascript,matlab,3,0,45
jquery,wpf,3,5,41
laravel,list,3,52,64
laravel,oracle,3,52,49
list,matlab,3,64,45
matlab,sql-server,3,45,23
matlab,vb.net,3,45,44
mongodb,xcode,3,42,38
multithreading,regex,3,48,25
node.js,scala,3,22,62
node.js,vb.net,3,22,44
objective-c,ruby-on-rails,3,18,17
oracle,ruby-on-rails-4,3,49,69
oracle,scala,3,49,62
osx,rest,3,56,67
osx,spring,3,56,34
osx,sql,3,56,13
python,spring,3,6,34
python-2.7,r,3,50,19
python-2.7,rest,3,50,67
python-2.7,ruby,3,50,24
regex,twitter-bootstrap,3,25,35
rest,string,3,67,37
ruby,symfony2,3,24,68
spring,string,3,34,37
sql-server,swing,3,23,70
twitter-bootstrap,xml,3,35,28
.htaccess,spring,2,71,34
.htaccess,sql,2,71,13
.htaccess,string,2,71,37
.net,css3,2,30,61
.net,r,2,30,19
.net,ruby,2,30,24
ajax,osx,2,26,56
ajax,wpf,2,26,41
algorithm,asp.net-mvc,2,60,29
algorithm,django,2,60,32
algorithm,eclipse,2,60,40
algorithm,git,2,60,51
algorithm,laravel,2,60,52
algorithm,ruby-on-rails-4,2,60,69
algorithm,windows,2,60,46
algorithm,wpf,2,60,41
android-studio,ios,2,72,8
android-studio,python,2,72,6
android-studio,sql-server,2,72,23
angularjs,objective-c,2,12,18
angularjs,oracle,2,12,49
apache,objective-c,2,55,18
asp.net,eclipse,2,20,40
asp.net,swift,2,20,15
asp.net-mvc,osx,2,29,56
bash,css,2,47,9
bash,facebook,2,47,63
bash,forms,2,47,53
bash,jquery,2,47,5
c,css,2,16,9
c,excel,2,16,31
c,jquery,2,16,5
c,wpf,2,16,41
css,excel-vba,2,9,54
css,mongodb,2,9,42
css,rest,2,9,67
css,swift,2,9,15
css3,facebook,2,61,63
css3,xml,2,61,28
django,ruby,2,32,24
eclipse,function,2,40,73
eclipse,objective-c,2,40,18
entity-framework,html,2,66,7
entity-framework,html5,2,66,39
entity-framework,ruby-on-rails,2,66,17
entity-framework,windows,2,66,46
excel,hibernate,2,31,74
excel,objective-c,2,31,18
excel,scala,2,31,62
facebook,git,2,63,51
facebook,mongodb,2,63,42
facebook,multithreading,2,63,48
facebook,sql-server,2,63,23
facebook,string,2,63,37
forms,multithreading,2,53,48
forms,swing,2,53,70
function,mongodb,2,73,42
git,image,2,51,57
git,spring,2,51,34
git,sql-server,2,51,23
git,vb.net,2,51,44
hibernate,image,2,74,57
hibernate,osx,2,74,56
ios,list,2,8,64
ios,oracle,2,8,49
ios,python-2.7,2,8,50
ios,spring,2,8,34
ios,vb.net,2,8,44
iphone,regex,2,58,25
java,wpf,2,1,41
jquery,xcode,2,5,38
json,swing,2,21,70
laravel,ruby,2,52,24
laravel,ruby-on-rails,2,52,17
laravel,string,2,52,37
linux,vb.net,2,27,44
linux,vba,2,27,43
list,mongodb,2,64,42
list,osx,2,64,56
list,ruby-on-rails-4,2,64,69
list,swift,2,64,15
mongodb,swift,2,42,15
node.js,r,2,22,19
node.js,spring,2,22,34
objective-c,python-2.7,2,18,50
php,spring,2,2,34
php,swing,2,2,70
rest,vba,2,67,43
rest,windows,2,67,46
ruby,spring,2,24,34
ruby,swift,2,24,15
ruby-on-rails-4,string,2,69,37
ruby-on-rails-4,wordpress,2,69,33
scala,sql-server,2,62,23
scala,twitter-bootstrap,2,62,35
spring,swift,2,34,15
spring,windows,2,34,46
spring,wordpress,2,34,33
sql,xcode,2,13,38
string,symfony2,2,37,68
swift,wordpress,2,15,33
twitter-bootstrap,windows,2,35,46
vb.net,wordpress,2,44,33
.htaccess,.net,1,71,30
.htaccess,css3,1,71,61
.htaccess,excel,1,71,31
.htaccess,iphone,1,71,58
.htaccess,objective-c,1,71,18
.htaccess,postgresql,1,71,59
.htaccess,python-2.7,1,71,50
.htaccess,ruby,1,71,24
.htaccess,swift,1,71,15
.net,bash,1,30,47
.net,eclipse,1,30,40
.net,hibernate,1,30,74
.net,iphone,1,30,58
.net,laravel,1,30,52
.net,objective-c,1,30,18
.net,python-2.7,1,30,50
.net,swift,1,30,15
.net,wordpress,1,30,33
ajax,bash,1,26,47
ajax,c,1,26,16
ajax,c++,1,26,10
ajax,objective-c,1,26,18
ajax,swift,1,26,15
ajax,windows,1,26,46
ajax,xcode,1,26,38
algorithm,angularjs,1,60,12
algorithm,apache,1,60,55
algorithm,facebook,1,60,63
algorithm,hibernate,1,60,74
algorithm,osx,1,60,56
algorithm,spring,1,60,34
algorithm,wordpress,1,60,33
algorithm,xcode,1,60,38
android,excel-vba,1,3,54
android-studio,css,1,72,9
android-studio,excel,1,72,31
android-studio,hibernate,1,72,74
android-studio,html5,1,72,39
android-studio,jquery,1,72,5
android-studio,list,1,72,64
android-studio,node.js,1,72,22
android-studio,oracle,1,72,49
android-studio,python-2.7,1,72,50
android-studio,regex,1,72,25
android-studio,ruby,1,72,24
android-studio,swing,1,72,70
angularjs,bash,1,12,47
angularjs,swift,1,12,15
angularjs,xcode,1,12,38
apache,entity-framework,1,55,66
apache,excel-vba,1,55,54
apache,facebook,1,55,63
apache,function,1,55,73
apache,hibernate,1,55,74
apache,matlab,1,55,45
apache,swift,1,55,15
arrays,css3,1,14,61
arrays,git,1,14,51
arrays,hibernate,1,14,74
asp.net,django,1,20,32
asp.net,laravel,1,20,52
asp.net,python-2.7,1,20,50
asp.net,ruby-on-rails,1,20,17
asp.net,swing,1,20,70
asp.net-mvc,cordova,1,29,65
asp.net-mvc,django,1,29,32
asp.net-mvc,hibernate,1,29,74
asp.net-mvc,python,1,29,6
asp.net-mvc,python-2.7,1,29,50
asp.net-mvc,ruby-on-rails,1,29,17
asp.net-mvc,swift,1,29,15
asp.net-mvc,wordpress,1,29,33
bash,html5,1,47,39
bash,iphone,1,47,58
bash,swift,1,47,15
bash,vba,1,47,43
c,cordova,1,16,65
c,django,1,16,32
c,facebook,1,16,63
c,rest,1,16,67
c,ruby-on-rails-4,1,16,69
c,scala,1,16,62
c#,django,1,4,32
c#,laravel,1,4,52
c++,cordova,1,10,65
c++,css3,1,10,61
c++,entity-framework,1,10,66
c++,hibernate,1,10,74
c++,ruby-on-rails-4,1,10,69
c++,scala,1,10,62
c++,symfony2,1,10,68
cordova,excel,1,65,31
cordova,function,1,65,73
cordova,oracle,1,65,49
cordova,postgresql,1,65,59
cordova,python,1,65,6
cordova,regex,1,65,25
cordova,sql-server,1,65,23
cordova,symfony2,1,65,68
css,matlab,1,9,45
css,postgresql,1,9,59
css3,database,1,61,36
css3,eclipse,1,61,40
css3,python,1,61,6
css3,r,1,61,19
css3,regex,1,61,25
css3,ruby,1,61,24
css3,spring,1,61,34
css3,symfony2,1,61,68
css3,vb.net,1,61,44
css3,windows,1,61,46
django,r,1,32,19
django,scala,1,32,62
django,spring,1,32,34
eclipse,forms,1,40,53
eclipse,laravel,1,40,52
entity-framework,facebook,1,66,63
entity-framework,git,1,66,51
entity-framework,iphone,1,66,58
entity-framework,node.js,1,66,22
entity-framework,osx,1,66,56
entity-framework,python,1,66,6
entity-framework,swift,1,66,15
excel,git,1,31,51
excel,twitter-bootstrap,1,31,35
excel-vba,html5,1,54,39
excel-vba,jquery,1,54,5
excel-vba,linux,1,54,27
excel-vba,node.js,1,54,22
excel-vba,python-2.7,1,54,50
facebook,hibernate,1,63,74
facebook,postgresql,1,63,59
facebook,python-2.7,1,63,50
forms,sql-server,1,53,23
forms,swift,1,53,15
function,osx,1,73,56
function,ruby-on-rails-4,1,73,69
function,spring,1,73,34
function,symfony2,1,73,68
function,wpf,1,73,41
git,multithreading,1,51,48
git,oracle,1,51,49
git,vba,1,51,43
hibernate,html5,1,74,39
hibernate,php,1,74,2
hibernate,python,1,74,6
hibernate,vb.net,1,74,44
html5,multithreading,1,39,48
html5,symfony2,1,39,68
html5,windows,1,39,46
image,oracle,1,57,49
ios,r,1,8,19
ios,ruby-on-rails-4,1,8,69
ios,symfony2,1,8,68
iphone,ruby,1,58,24
iphone,sql,1,58,13
iphone,vb.net,1,58,44
java,ruby-on-rails-4,1,1,69
jquery,objective-c,1,5,18
jquery,swift,1,5,15
jquery,swing,1,5,70
laravel,multithreading,1,52,48
laravel,objective-c,1,52,18
laravel,python,1,52,6
linux,swift,1,27,15
list,node.js,1,64,22
list,objective-c,1,64,18
list,oracle,1,64,49
matlab,mongodb,1,45,42
matlab,objective-c,1,45,18
matlab,scala,1,45,62
matlab,spring,1,45,34
matlab,swift,1,45,15
matlab,swing,1,45,70
matlab,twitter-bootstrap,1,45,35
mongodb,twitter-bootstrap,1,42,35
mongodb,wordpress,1,42,33
mongodb,wpf,1,42,41
multithreading,symfony2,1,48,68
multithreading,vba,1,48,43
node.js,wpf,1,22,41
objective-c,ruby-on-rails-4,1,18,69
objective-c,swing,1,18,70
objective-c,twitter-bootstrap,1,18,35
objective-c,windows,1,18,46
objective-c,wordpress,1,18,33
oracle,symfony2,1,49,68
oracle,twitter-bootstrap,1,49,35
oracle,wordpress,1,49,33
php,ruby-on-rails-4,1,2,69
php,scala,1,2,62
php,wpf,1,2,41
postgresql,swift,1,59,15
postgresql,swing,1,59,70
postgresql,twitter-bootstrap,1,59,35
postgresql,vba,1,59,43
postgresql,wpf,1,59,41
python,ruby-on-rails-4,1,6,69
python,swing,1,6,70
python,symfony2,1,6,68
r,rest,1,19,67
r,vb.net,1,19,44
r,wordpress,1,19,33
r,xcode,1,19,38
rest,twitter-bootstrap,1,67,35
rest,xcode,1,67,38
ruby,vba,1,24,43
ruby-on-rails,scala,1,17,62
ruby-on-rails,swing,1,17,70
ruby-on-rails,vb.net,1,17,44
ruby-on-rails,wpf,1,17,41
ruby-on-rails-4,spring,1,69,34
scala,swift,1,62,15
spring,symfony2,1,34,68
swing,xcode,1,70,38
twitter-bootstrap,vba,1,35,43
twitter-bootstrap,xcode,1,35,38
vba,wpf,1,43,41
vba,xcode,1,43,38